{
  "getAllUserGrants" : {
    "transaction" : "getAllUserGrants",
    "sampleCount" : 160,
    "errorCount" : 143,
    "errorPct" : 89.375,
    "meanResTime" : 100521.34375,
    "medianResTime" : 99059.0,
    "minResTime" : 6297.0,
    "maxResTime" : 246073.0,
    "pct1ResTime" : 99329.9,
    "pct2ResTime" : 172221.54999999996,
    "pct3ResTime" : 245327.58,
    "throughput" : 0.3813764352267879,
    "receivedKBytesPerSec" : 0.31336461464294824,
    "sentKBytesPerSec" : 1.00967921474592
  },
  "getProjectNav" : {
    "transaction" : "getProjectNav",
    "sampleCount" : 160,
    "errorCount" : 0,
    "errorPct" : 0.0,
    "meanResTime" : 1096.56875,
    "medianResTime" : 1061.0,
    "minResTime" : 304.0,
    "maxResTime" : 2721.0,
    "pct1ResTime" : 1709.8000000000002,
    "pct2ResTime" : 1938.85,
    "pct3ResTime" : 2652.6799999999985,
    "throughput" : 0.44375539093463207,
    "receivedKBytesPerSec" : 2.4425316184383137,
    "sentKBytesPerSec" : 1.1856589351534699
  },
  "Total" : {
    "transaction" : "Total",
    "sampleCount" : 800,
    "errorCount" : 143,
    "errorPct" : 17.875,
    "meanResTime" : 37712.00499999996,
    "medianResTime" : 1318.0,
    "minResTime" : 137.0,
    "maxResTime" : 299980.0,
    "pct1ResTime" : 99194.2,
    "pct2ResTime" : 125154.59999999999,
    "pct3ResTime" : 288239.65,
    "throughput" : 1.8732818493038415,
    "receivedKBytesPerSec" : 1134.4588156424304,
    "sentKBytesPerSec" : 4.154148850975746
  },
  "getNavigations" : {
    "transaction" : "getNavigations",
    "sampleCount" : 160,
    "errorCount" : 0,
    "errorPct" : 0.0,
    "meanResTime" : 690.7187499999999,
    "medianResTime" : 429.5,
    "minResTime" : 137.0,
    "maxResTime" : 5130.0,
    "pct1ResTime" : 1565.2000000000005,
    "pct2ResTime" : 2052.999999999999,
    "pct3ResTime" : 4490.109999999986,
    "throughput" : 1.942737803249229,
    "receivedKBytesPerSec" : 106.56172973481628,
    "sentKBytesPerSec" : 5.135733626362952
  },
  "getAllModules" : {
    "transaction" : "getAllModules",
    "sampleCount" : 160,
    "errorCount" : 0,
    "errorPct" : 0.0,
    "meanResTime" : 85582.45624999999,
    "medianResTime" : 67699.5,
    "minResTime" : 5158.0,
    "maxResTime" : 299980.0,
    "pct1ResTime" : 138872.30000000002,
    "pct2ResTime" : 288110.24999999994,
    "pct3ResTime" : 297812.05999999994,
    "throughput" : 0.4379434177104318,
    "receivedKBytesPerSec" : 1297.7892015384816,
    "sentKBytesPerSec" : 1.1525952253218885
  },
  "Login" : {
    "transaction" : "Login",
    "sampleCount" : 160,
    "errorCount" : 0,
    "errorPct" : 0.0,
    "meanResTime" : 668.9375000000001,
    "medianResTime" : 461.0,
    "minResTime" : 159.0,
    "maxResTime" : 4339.0,
    "pct1ResTime" : 1314.1000000000001,
    "pct2ResTime" : 1670.0499999999986,
    "pct3ResTime" : 3290.4099999999767,
    "throughput" : 1.9649984648449494,
    "receivedKBytesPerSec" : 6.7775296476819165,
    "sentKBytesPerSec" : 0.9690666257291987
  }
}